{
  "feature_names": [
    "sad1",
    "sad2",
    "margin",
    "mv_mag",
    "sum",
    "grad_energy",
    "prev_w"
  ],
  "stats": {
    "sad1": {
      "min": 0.0,
      "max": 988.0,
      "mean": 86.7313021875,
      "std": 100.40137009319008
    },
    "sad2": {
      "min": 0.0,
      "max": 988.0,
      "mean": 137.48425041666667,
      "std": 115.27567863908078
    },
    "margin": {
      "min": 0.0,
      "max": 814.0,
      "mean": 50.75294822916667,
      "std": 66.01534204342221
    },
    "mv_mag": {
      "min": 0.0,
      "max": 5.0,
      "mean": 3.0155808333333334,
      "std": 1.4014208370909282
    },
    "sum": {
      "min": 6.0,
      "max": 4060.0,
      "mean": 1785.029891875,
      "std": 883.2997142587565
    },
    "grad_energy": {
      "min": 19.0,
      "max": 1997.0,
      "mean": 524.3147035416666,
      "std": 246.6849499285763
    },
    "prev_w": {
      "min": 0.0,
      "max": 0.0,
      "mean": 0.0,
      "std": 0.0
    }
  },
  "num_samples": 9600000,
  "num_shards": 5
}