{
  "thresholds_T": [
    0,
    4,
    8,
    12,
    16,
    20,
    24,
    28
  ],
  "tau": [
    0.35999995470046997,
    0.3999999761581421,
    0.47999995946884155,
    0.489999920129776,
    0.489999920129776,
    0.4999999403953552,
    0.5499999523162842,
    0.5499999523162842
  ],
  "objective_score": 0.0714692541586188,
  "is_non_decreasing": true
}